date,sku,location,quantity_sold,inventory
2024-01-01,SKU_101,Chennai,1970-01-01 00:00:00.000000052,1970-01-01 00:00:00.000000120
2024-01-02,SKU_101,Chennai,1970-01-01 00:00:00.000000049,1970-01-01 00:00:00.000000115
2024-01-03,SKU_101,Chennai,1970-01-01 00:00:00.000000081,1970-01-01 00:00:00.000000110
2024-01-04,SKU_101,Chennai,1970-01-01 00:00:00.000000055,1970-01-01 00:00:00.000000105
2024-01-05,SKU_101,Chennai,1970-01-01 00:00:00.000000060,1970-01-01 00:00:00.000000100
2024-01-06,SKU_101,Chennai,1970-01-01 00:00:00.000000034,1970-01-01 00:00:00.000000095
2024-01-07,SKU_101,Chennai,1970-01-01 00:00:00.000000058,1970-01-01 00:00:00.000000090
2024-01-08,SKU_101,Chennai,1970-01-01 00:00:00.000000062,1970-01-01 00:00:00.000000085
2024-01-09,SKU_101,Chennai,1970-01-01 00:00:00.000000059,1970-01-01 00:00:00.000000080
2024-01-10,SKU_101,Chennai,1970-01-01 00:00:00.000000057,1970-01-01 00:00:00.000000075
2024-01-11,SKU_101,Chennai,1970-01-01 00:00:00.000000092,1970-01-01 00:00:00.000000070
2024-01-12,SKU_101,Chennai,1970-01-01 00:00:00.000000056,1970-01-01 00:00:00.000000065
2024-01-13,SKU_101,Chennai,1970-01-01 00:00:00.000000054,1970-01-01 00:00:00.000000060
2024-01-14,SKU_101,Chennai,1970-01-01 00:00:00.000000034,1970-01-01 00:00:00.000000055
2024-01-15,SKU_101,Chennai,1970-01-01 00:00:00.000000053,1970-01-01 00:00:00.000000050
2024-01-16,SKU_101,Chennai,1970-01-01 00:00:00.000000061,1970-01-01 00:00:00.000000045
2024-01-17,SKU_101,Chennai,1970-01-01 00:00:00.000000063,1970-01-01 00:00:00.000000040
2024-01-18,SKU_101,Chennai,1970-01-01 00:00:00.000000065,1970-01-01 00:00:00.000000035
2024-01-19,SKU_101,Chennai,1970-01-01 00:00:00.000000081,1970-01-01 00:00:00.000000030
2024-01-20,SKU_101,Chennai,1970-01-01 00:00:00.000000064,1970-01-01 00:00:00.000000025
2024-01-21,SKU_101,Chennai,1970-01-01 00:00:00.000000070,1970-01-01 00:00:00.000000020
2024-01-22,SKU_101,Chennai,1970-01-01 00:00:00.000000072,1970-01-01 00:00:00.000000015
2024-01-23,SKU_101,Chennai,1970-01-01 00:00:00.000000068,1970-01-01 00:00:00.000000010
2024-01-24,SKU_101,Chennai,1970-01-01 00:00:00.000000092,1970-01-01 00:00:00.000000005
2024-01-25,SKU_101,Chennai,1970-01-01 00:00:00.000000066,1970-01-01 00:00:00.000000000
2024-01-26,SKU_101,Chennai,1970-01-01 00:00:00.000000067,1970-01-01 00:00:00.000000000
2024-01-27,SKU_101,Chennai,1970-01-01 00:00:00.000000069,1970-01-01 00:00:00.000000000
2024-01-28,SKU_101,Chennai,1970-01-01 00:00:00.000000071,1970-01-01 00:00:00.000000010
2024-01-29,SKU_101,Chennai,1970-01-01 00:00:00.000000073,1970-01-01 00:00:00.000000015
2024-01-30,SKU_101,Chennai,1970-01-01 00:00:00.000000074,1970-01-01 00:00:00.000000020
